﻿{
   "CodeGenerationMode": 2,
   "ContextClassName": "Company_SDContext",
   "ContextNamespace": null,
   "DefaultDacpacSchema": null,
   "FilterSchemas": false,
   "IncludeConnectionString": true,
   "ModelNamespace": null,
   "OutputContextPath": "Connection",
   "OutputPath": "Models",
   "ProjectRootNamespace": "Lab_10",
   "Schemas": null,
   "SelectedHandlebarsLanguage": 0,
   "SelectedToBeGenerated": 0,
   "Tables": [
      {
         "Name": "[dbo].[Departments]",
         "ObjectType": 0
      },
      {
         "Name": "[dbo].[Dependent]",
         "ObjectType": 0
      },
      {
         "Name": "[dbo].[Employee]",
         "ObjectType": 0
      },
      {
         "Name": "[dbo].[Project]",
         "ObjectType": 0
      },
      {
         "Name": "[dbo].[Works_for]",
         "ObjectType": 0
      }
   ],
   "UiHint": "wind.Company_SD",
   "UseBoolPropertiesWithoutDefaultSql": false,
   "UseDatabaseNames": false,
   "UseDbContextSplitting": false,
   "UseFluentApiOnly": true,
   "UseHandleBars": false,
   "UseHierarchyId": false,
   "UseInflector": true,
   "UseLegacyPluralizer": false,
   "UseManyToManyEntity": false,
   "UseNoConstructor": false,
   "UseNoDefaultConstructor": false,
   "UseNoNavigations": false,
   "UseNoObjectFilter": false,
   "UseNodaTime": false,
   "UseNullableReferences": false,
   "UseSchemaFolders": false,
   "UseSpatial": false
}